x0,x1,x2,x3,x4,x5,x6,x7,x8,x9
-0.36132918372879014,-0.016802114751712057,-0.2216225431184248,-6.089159089651663,0.06582152046892435,-0.11819421528036811,0.06475415860519167,0.44786578339897204,-6.089159089651663,0.13108201700778851
-0.4154848808767585,0.06413549687262575,0.15075720914713253,0.4794293748357147,-0.001698850210226371,-0.05423373086595654,0.17114978966560473,0.10600738961502361,0.4794293748357147,-0.09810771522306014
-0.2067981146997694,-9.098726413565285e-05,-0.18153312241155173,3.2999166942968197,0.12106939865304141,-0.04568235523235746,-0.11938862020953721,-0.13627813276625175,3.2999166942968197,-0.25118763816700723
-0.015881066399964366,-0.488905239635323,0.035801543828838676,-6.043777998337546,-0.322484770026761,0.12514279692816385,0.09274698589758028,0.04884399753985509,-6.043777998337546,-0.08613187921158288
-0.05307727690674843,0.08578027576566959,0.1137858633969461,-5.935610237603464,0.39788304348008036,-0.13230967862473572,-0.010703337500510545,-0.16584656924684235,-5.935610237603464,-0.3268119840888343
-0.06742222263706218,0.08237194001748044,0.39857247922638356,0.15382662926296253,0.1651157082668628,0.03125460195124365,-0.20958594077843462,-0.009518079023953598,0.15382662926296253,0.09055932326811474
-0.12829763857500964,-0.2352139978237704,0.1068494941447822,3.1989812390710433,0.04787932823442799,-0.21896547857820653,0.09685299807140019,0.17797759187760095,3.1989812390710433,0.43866484504191094
-0.010623463423214081,-0.08568922294348735,0.033107336038586316,0.9006536912461556,0.11353044383300398,0.17621539701251018,0.03467071101104257,0.0631682662675802,0.9006536912461556,0.25861970276523216
-0.19935990530169673,0.34319898746343536,-0.13410268094026254,0.17487168707676737,0.07726593061440633,-0.10777395155347994,0.3094320940131107,-0.21120505953373403,0.17487168707676737,0.09530798118879524
-0.10862934517170764,-0.04928800115736965,0.4566140252268116,2.482310898985128,0.2737435106621951,-0.0714754257677967,-0.007611024881421615,-0.19439878721547613,2.482310898985128,0.191605289408256
0.0850641790995309,0.38269377494193285,-0.033385371345415506,1.5591825683429847,0.10744991631168757,0.2873529534790448,-0.502947782299234,0.3140369714428133,1.5591825683429847,0.0706813355053919
0.10746969187065236,0.22419392234624322,-0.21624119165517525,0.34380834559840523,-0.4123098160588973,-0.030569051058007814,-0.023848014001612405,-0.22962543223818987,0.34380834559840523,-0.09663281370894201
-0.0006648142511209892,-0.06298115861435942,-0.12074782553315161,-1.5231054774837918,-0.36840925610009645,-0.24655354266722163,-0.12303130839463061,0.1489069778821202,-1.5231054774837918,-0.3581444604291542
-0.3726504819034208,0.06081603452576765,-0.01336770044125079,-1.385261283444596,0.1222177851877041,0.20491597394923372,0.21379443422443145,-0.07935746153428984,-1.385261283444596,0.277321042260201
0.0002779422188727634,0.0378701195938555,-0.01338955215563131,3.0881662070840714,0.06003203281908427,0.11825096597110654,0.20099059952759096,-0.2754776951647522,3.0881662070840714,-0.09850965392798215
-0.029057549107048993,-0.1681784708139476,-0.4114225788376855,0.9486268326270436,-0.12806939622345317,0.03982537844577998,-0.038516810024708054,0.1894530148999848,0.9486268326270436,0.07340973806400755
-0.08031436545544168,0.09403173876417177,0.04893606844249314,-4.945439221603324,-0.4138023707696024,0.3193914198077584,-0.017980478593565948,0.20639883219846444,-4.945439221603324,-0.25696654776883326
0.09529590844369228,-0.138613587059476,-0.042365294022036704,-5.480451069584375,-0.10210607546198261,-0.12817087864624754,0.047346232730231974,-0.24533172785958693,-5.480451069584375,0.34163069256218925
-0.08423226952947876,0.12094295572940313,-0.37547129543908564,-5.969539344924416,-0.06111673608046995,-0.07093452484065048,-0.19281803723971325,-0.3153627829135923,-5.969539344924416,0.05153069145894227
-0.024135859804538532,-0.13102551268261695,-0.06368510886183129,-5.141233297907166,-0.4148983275133284,-0.014314698312403173,0.04613707382365546,-0.09124170166405932,-5.141233297907166,-0.145797593652776
0.04989680339750316,0.255965013960953,0.40253925080615,-1.265004605956082,0.2803865497623727,0.13677132907220077,-0.3343090099114507,0.05876452876380266,-1.265004605956082,-0.46466325485820015
0.22989025932954507,-0.09043533115956956,0.01452998996400515,-2.408149654630441,0.0833495868704398,-0.1380833075759099,0.14982074582658975,0.2285929371879425,-2.408149654630441,0.15268484719981124
-0.15289599751012406,0.3721397595998599,0.18170192148167763,0.5603400350953782,-0.09893903122783387,0.31607502522969805,-0.1608175996704112,-0.07620300352119086,0.5603400350953782,-0.16280539841202385
-0.16774270515319264,0.10982842893421996,-0.14076389237798467,-1.5912611895101958,-0.2565601635080014,-0.029542957374580528,-0.042165253877909974,-0.06773115386663837,-1.5912611895101958,-0.2245862695019564
-0.31190579875919466,0.19841053824087998,0.4784065938245056,4.084739985280464,0.12583253920991574,0.06299024434356465,0.13146513883685704,-0.027691992928058136,4.084739985280464,-0.29669531250032594
0.07120763396315886,-0.06491125206741574,0.07495651374251919,-6.076002516643565,0.16106063861176143,0.158154052773978,-0.001790028986128426,-0.02479047402198979,-6.076002516643565,-0.14947903052287276
-0.056923627483377676,0.41196055428272943,0.03537153822116503,-0.8520119895012663,-0.24437751962721693,0.24291553703178947,-0.10999174740154137,0.014470582870356206,-0.8520119895012663,-0.046439636770339035
-0.1852801500913286,0.033499024855407934,0.07933558405157554,-5.822277849765696,-0.009059150802290632,-0.36432118843132716,0.08704093737330552,-0.1523145014173361,-5.822277849765696,-0.005672149001940398
0.005703123486386804,0.2090261680369678,0.08580939712255917,2.1486972566415448,0.023218586815146942,-0.28977965940783984,-0.07093666569023567,-0.24612896495015724,2.1486972566415448,0.06354150375680583
0.1129830798987207,-0.0854401476362404,0.1071956023155427,2.7215794206292805,0.15831401660111047,-0.08709456529766282,0.057955472891371464,0.23202320848789665,2.7215794206292805,-0.19700586902942696
0.1767363520759386,-0.06088926290463362,-0.0337542134807125,0.3529149259126557,0.2784983906173739,-0.1988557144749716,0.15939628854797902,-0.12305195035483976,0.3529149259126557,-0.15877571368288057
-0.44611558494064696,0.2832356687202209,0.27358077686575843,3.7841527002133155,-0.04780420587353993,0.24472723172833183,0.1481052046474347,-0.34140977468718736,3.7841527002133155,0.0058304874023681836
0.18191324432707873,-0.2213889888591595,0.2920207244796137,-1.7277680620149365,-0.05214929589287906,0.23325583923994322,-0.21920019630805296,-0.42093192272348956,-1.7277680620149365,-0.15344306287156914
-0.1775843109972225,0.3089545728883197,0.18179423796683303,-1.1737196336289126,-0.10479413083489063,-0.06958966794709207,-0.08070094191178064,-0.17230534876207762,-1.1737196336289126,0.08512573909386802
-0.03986342134510187,0.00301434402934721,0.18847382639259075,-1.6704499768235168,-0.0869034669354555,0.3293971689085229,0.18031385534413444,-0.40662790247879166,-1.6704499768235168,-0.03739942287102287
0.047012829774760984,0.24030926167299743,-0.08612236543125008,1.5740551364818227,-0.5717876297454744,-0.136700334933023,-0.19514467074709607,0.14253933447070913,1.5740551364818227,0.2571052497828447
-0.4146381341184345,0.0009428873977969255,0.03366133209308671,-5.264156113317462,0.09908968654625544,-0.03943807796266401,0.04969999901518699,-0.2824820353270642,-5.264156113317462,0.15431352232259704
0.08175979652499259,-0.13970089812144745,-0.21655988745510169,2.952739310399436,0.06109641499004856,0.05731461464418405,0.37844698759727435,0.056688178789676275,2.952739310399436,-0.091649680071601
0.14089299619471635,-0.012502738889935396,-0.2391840354249574,2.231001400850354,-0.15931785264224158,0.05794792261169766,-0.04914342755185151,0.10893305086770917,2.231001400850354,-0.3056178993907725
-0.05713028650117977,0.1516457189765712,-0.10625782649411518,0.6918197464758153,0.13887573616207724,-0.1931669260602521,-0.06170012239823776,-0.05913839842320831,0.6918197464758153,-0.0635284145795336
0.07567983358454684,-0.045604932070301966,0.17069474126011153,3.4727381605301035,0.02071228646002668,0.06575235931576025,0.20443913886919918,0.01033044755012913,3.4727381605301035,0.43115227592405375
-0.454540235657531,-0.009962907453466785,-0.24879966023341746,2.828883450847692,-0.11092066249574817,-0.009027845051997203,-0.2814322221367542,0.4823029720999336,2.828883450847692,-0.010223159748343397
-0.003923794240923708,-0.15255467010839463,-0.04938243618819923,-0.7555156023005738,-0.25430050091594886,0.17062374551692597,-0.19025752736690593,0.11206853497380381,-0.7555156023005738,-0.24718023071418405
-0.018565220653943053,0.014255774589046444,0.03127142753221291,1.5495116097452228,-0.17960480309235424,0.21657256968943553,0.09644737799825875,-0.2495094327758218,1.5495116097452228,0.3006953222384946
-0.06624144339554264,-0.1265226092756665,0.01479325895220912,-1.4349961886642921,-0.26381508288289707,-0.1097898796884027,-0.33232384875148613,-0.2716372295451752,-1.4349961886642921,-0.0323831735809444
-0.12208564617195448,0.08685399336553351,-0.10623910052449144,-1.8412482546841495,-0.27389449756542067,0.019216892644666216,-0.17821937297159274,0.20513117570773556,-1.8412482546841495,-0.09317045072953875
0.16311950795006447,0.457822348963136,0.028841542007013016,1.919007451816198,0.03983051010150393,-0.11666686480838324,-0.19319742415316365,0.03867209132637564,1.919007451816198,-0.35105058166402237
0.01877009374261268,-0.024815994075365926,0.07235636806699242,2.56241622293434,-0.06622171436625386,-0.14343790291753428,0.2874829855068704,0.1082740210685369,2.56241622293434,-0.1243218614553099
-0.22296744822089118,0.2688391506437309,0.09629548581784765,-1.706453986451081,0.36452455421197866,0.2183758029346551,0.16548962470617107,-0.1515822276636221,-1.706453986451081,-0.39192774993746454
0.009546740596721857,0.4241977498077682,0.14811002223956501,-1.290295550118946,-0.17033832617659916,-0.011516885623030429,0.03808585093492997,-0.3940055785768097,-1.290295550118946,-0.0016314616219429306
0.1753445352737239,-0.09937120825672972,-0.07376253725561256,-0.312217776031269,0.29690956313128586,-0.437072108737081,-0.01649106018024412,0.10599867013298887,-0.312217776031269,-0.09620518159838329
-0.11687314624823715,-0.020814354552954235,0.329355223735069,0.7201339764098686,-0.23601081876222665,-0.022114997986503394,0.27429305680731736,-0.040597723660596524,0.7201339764098686,-0.3770805218472114
-0.09986506605804847,0.18029571734069785,0.08303167568085011,-2.224230343690472,0.02650899613919492,0.08795370230064548,-0.028971406790407512,0.05240346054824835,-2.224230343690472,0.3424494658878352
-0.005019109684600684,0.5257160627366656,-0.07979562441646496,2.733770915350095,0.061767209673622814,-0.11622882380124662,0.06874670520171451,-0.06200652274762163,2.733770915350095,-0.09286899304857288
0.42138400489102107,0.1214602808886466,-0.09528674562668521,-6.090638694023647,0.002380323316390941,0.09668238980491009,0.3747385874668908,-0.0746410414812968,-6.090638694023647,-0.0009138005979094527
-0.09270598170570288,-0.10683649617445126,-0.03186810691785352,3.1190092429800025,-0.18193075454564578,-0.0913356079594661,-0.05236432809877067,-0.08631873921378552,3.1190092429800025,-0.3996148454039834
0.22438889484589444,-0.057568260487451894,0.20762604967476556,-1.127797333177921,0.34056654900175065,-0.23054045253968558,-0.15061175049915237,-0.5048223266184425,-1.127797333177921,-0.021124351387467433
-0.3663074659834423,0.17297613745438029,-0.2593472714065549,1.200712372106868,-0.18653730882448089,0.19930465192091776,-0.13275016189719735,0.12112886956546659,1.200712372106868,-0.030038673129193613
0.1679743154456268,-0.22516323349022205,0.3194731728476065,3.3944047774979325,-0.39233818694302736,0.08628356688116787,0.058590665717567714,-0.20639218200489343,3.3944047774979325,0.0011605660924635908
-0.29680277329358196,0.18486220470058756,-0.007156682189165387,-1.4070341427343251,0.19603504989044485,0.11416604418605257,0.12692029042554298,-0.2138450764820851,-1.4070341427343251,-0.24976453218396238
0.22930604904806234,0.4120183150494316,-0.13338954635158162,0.6472996164759686,0.18679287544016612,0.30230371303778336,0.20044403429750088,-0.03098232960863444,0.6472996164759686,0.08173733047260759
-0.19297100998933292,0.04947478335349841,-0.04185329154963014,-5.793253271907683,0.13035852268829737,-0.22050452927905193,-0.20516122909155607,0.2139887349633597,-5.793253271907683,-0.014965881408784574
0.031517413312043,0.267384725162876,-0.2536805872015903,-5.303974061538493,0.2631293101344519,0.35158819246808626,-0.03724665413028563,0.12301169028729196,-5.303974061538493,0.4024608135327028
0.054054273380604825,0.18684584549431976,0.0487639399164665,3.2444542997330457,-0.23495604661982458,-0.1205126868940461,0.0833312467221855,0.22856028613024773,3.2444542997330457,0.09442596088208136
0.21247170500696613,0.2139188889165539,0.3324828590055803,-2.0214514515713304,-0.11929450931888966,0.1786574956704483,0.33802791201862475,-0.32347757830082996,-2.0214514515713304,-0.09139127431461681
0.3750950618346409,0.23883838520145045,0.14419998183882318,1.9376130308385675,0.09815393722833526,0.08378997294658679,0.14143953723023292,-0.24271872811462414,1.9376130308385675,-0.09075482265381186
-0.0031381049286092855,-0.31924491662834814,-0.4384719884216206,-1.9838294782185797,0.3997924671781472,0.055333000604142014,-0.20242876585732367,0.02512136683206638,-1.9838294782185797,-0.11205627498055795
0.08875128464106495,-0.06463190676505813,0.11376253323000024,0.05796761148140073,-0.15676057382049702,-0.011846327027919304,-0.18312642190754394,0.1905910900629584,0.05796761148140073,-0.30237232366268524
0.2306911617673583,-0.26794210200432134,0.17293307532720736,-1.7884520385451361,-0.05061991875120331,0.22551172474968315,-0.3727340036461566,-0.236465496213064,-1.7884520385451361,0.46691414090462785
0.12670111349599356,0.207183941491846,0.07474725378318102,2.475790097734037,-0.15712034657694904,0.23506309592367913,-0.17966316336219035,0.2749510786290106,2.475790097734037,-0.04510042328703797
-0.058734297604279555,-0.11294512132285839,0.23505757318336973,-5.398012452253562,-0.1290130598790711,0.003081874443460277,-0.3611312903184374,-0.19089716815420502,-5.398012452253562,-0.4090212942540292
-0.22304563632271435,0.26272999440438344,0.2675890223784438,2.4984056735416487,0.2104834133864969,0.5255195490049628,0.06940676027731121,-0.2898468205632032,2.4984056735416487,-0.1129347104721258
-0.2767531612735512,-0.16485041234969136,-0.015847674667229025,0.592081420537601,0.013176470086937946,-0.14372955683572175,0.4104178406657103,0.07176806467316132,0.592081420537601,-0.03669049020916081
-0.17274037529001918,0.37610909903958023,0.2747985850689864,3.6545917774857863,-0.12427746647597203,-0.21876378305279232,0.21757384310432873,0.09685497054927783,3.6545917774857863,0.19152157374278442
0.1431654424251939,-0.07214084378517742,0.0588250830059188,-1.8739814088269022,0.35465605430662994,-0.31976978554814617,-0.5057173645282157,0.007155981669419696,-1.8739814088269022,-0.09280104378137204
-0.07164971020545417,0.42552323065253295,0.26416005864065545,1.9397356347047432,0.26247752753880266,0.1733866245157616,-0.23856844083590203,0.014786565105482048,1.9397356347047432,0.16936316141372956
-0.04365703186359737,0.1416270142535797,0.03541285743357715,0.4167059841628594,-0.17602774074503771,0.028824163212047938,-0.06381404547030592,0.08841907224547507,0.4167059841628594,-0.044561999958116376
0.09697364881920728,-0.18131242200156925,-0.05279141221901821,-1.2547814912953172,-0.38916843296046333,0.2094436655699184,-0.1586035318316434,-0.0010357020832137296,-1.2547814912953172,-0.19336075246967077
0.05696651467881443,0.0404508542415546,-0.09632515349688509,0.374030533024879,-0.14864372969195797,0.5253410792878056,-0.08843773626425594,0.0069909675880113695,0.374030533024879,0.157412708746687
-0.10894885622843682,-0.19523767145562973,0.13689514822378612,0.4381828352524979,-0.28073897128998254,-0.17407380174486392,0.16209480618325245,0.3080499064661376,0.4381828352524979,0.15453860381690593
-0.30866472118890914,-0.039668915251018844,-0.11833595014627946,3.606635731787398,0.12959972199436573,-0.11843573057695467,-0.1521976909933156,-0.08214519890769581,3.606635731787398,0.004569124632196082
0.1740951108608022,-0.3334402497197278,0.10545608201457209,0.5367287349303483,0.22026556185129495,0.148420103087966,0.32639471394136754,0.48890896875868517,0.5367287349303483,-0.11858298882193843
-0.2688915646242732,0.13207088085100593,0.07796312248451254,-5.590506678488388,0.27805477611188556,0.015732741217683092,-0.20815237746791257,0.1914067019652377,-5.590506678488388,0.1806366251277014
-0.03104207258407773,0.2020061068189808,0.00034066903302693046,3.2156781655846425,0.019176130044438577,-0.07310558589192061,-0.010068338903604139,0.33463342750003117,3.2156781655846425,-0.09708718786287633
0.1243711709415753,-0.04989366704169534,0.032720199496759715,-1.1948662639254146,-0.10549366492866914,0.4598491204000137,-0.09124967683339053,-0.1271472916972651,-1.1948662639254146,-0.34969189205237794
0.2765459204590298,-0.23264784886240847,-0.3321686805248086,-0.6299920347322625,-0.05170257185193854,-0.30960219660356525,0.12968196262798204,0.10854092449236784,-0.6299920347322625,-0.04524832691339416
-0.06948589507574214,0.02133638302586066,-0.08038647677695333,0.9713129865827426,-0.07380744814424522,-0.02872649009455562,-0.10087947828606077,0.046328460861489146,0.9713129865827426,-0.30218803783005566
0.6335789756155651,0.09271600031215017,-0.09899403900150833,-1.3450174579945045,0.028694681573900923,0.39479523296945035,0.025744436334286067,0.03623468883798255,-1.3450174579945045,0.17656841862282105
0.25589719528680677,-0.23932020785570662,-0.06318106690190002,0.7220297302824225,-0.05898299544955132,0.198239001861914,0.07204524589734722,0.00202390348147725,0.7220297302824225,-0.30654646268263747
-0.0019961785486942558,-0.11447937678488061,0.17891876152798167,1.4280914678566856,-0.07867743627449196,0.08176458901568047,0.1477827922876936,-0.37377471205695245,1.4280914678566856,0.012053759691918811
-0.05199317909966658,-0.0285246493270188,-0.00917291149664969,-5.284062130270432,-0.05093539241875475,0.20362939338990188,0.10024240260095763,-0.17815886887366655,-5.284062130270432,-0.015940962136038534
0.18670198394295348,-0.009042788560643165,-0.07286195766394564,3.775770204873569,0.11154097593410349,-0.13786574652455377,0.0744234365442426,0.01923951320901983,3.775770204873569,0.11767130792948355
-0.16888099600672468,-0.20215398292033535,0.1708741258574508,0.8774097472804901,0.18309268680414947,0.04076528206594069,0.12525013016049433,0.23588437731348214,0.8774097472804901,0.3129221596813097
0.07997127511224865,-0.006569723326635625,-0.010390824211117679,-1.7791542089570782,-0.19412629170267104,0.35635165120304985,0.052158220652754064,0.2602075182936974,-1.7791542089570782,-0.02793475334216753
-0.050765654376285475,0.25122706140882145,0.1774255891048775,-5.456436695224204,0.21916223432292778,-0.10165087812358034,-0.007334701534162247,-0.22196736392997218,-5.456436695224204,-0.41477179666136754
0.1700922061537132,0.01381391604072928,-0.22002295516959555,3.1383872275624434,0.027198433614065955,-0.14681445510490013,-0.4219505352526337,0.06726478936385973,3.1383872275624434,0.12644257883135193
0.38035518444925415,0.15575996138792908,-0.05632797910355963,-5.7826014888471144,-0.055954071458622925,0.10434079029317678,-0.07939535357733513,0.012208500175764116,-5.7826014888471144,0.15201434396422653
0.002319497334979637,0.006201549591486135,-0.002872523207774884,0.7226037783771219,-0.08594403904298507,0.11434152133025142,-0.150719817031557,-0.24464469284707985,0.7226037783771219,-0.053914871904681395
-0.004251545583983829,0.4214553278646471,-0.1218751464131655,0.828124790258895,-0.1995344905229754,0.07840201704304874,-0.07126597199629485,0.034413830770259356,0.828124790258895,-0.3941566681513524
-0.1011545784697729,-0.14203284236028968,-0.3381107721802453,1.8181000781088215,-0.08087485775873153,-0.15881940371159847,0.2276591927038689,0.1408121296433469,1.8181000781088215,-0.2151145489249291
-0.07947792423036752,-0.11744775910742278,-0.10924569721556132,0.6081064838332526,0.4680282968185463,0.24154414695410398,-0.09823316241377558,-0.015532234029649537,0.6081064838332526,0.20930184649857428
0.32115188971745057,0.1785366531993804,-0.010319332176793518,1.0962094834987335,-0.3347856143442705,0.02550515834900699,-0.36793969536307486,0.14829394639839155,1.0962094834987335,0.24076347696414674
0.03321201541874331,0.21744734095232943,-0.15877019427810996,3.242960151566236,0.13327506569128697,0.16420554667268322,-0.30445155616319597,0.2531823941398725,3.242960151566236,0.36889531659985736
-0.12330368629918337,0.4514925416522895,0.009108417102824437,-1.774577442271539,0.0556704897855337,0.10030551354618936,-0.020191399406649442,-0.35898933979401704,-1.774577442271539,0.38011480654247365
-0.08417463907148873,-0.006425478515626939,-0.2872631167014238,-0.08503851363680615,-0.09877927993970191,0.16504756927092812,0.0432403027426058,0.1493078563805733,-0.08503851363680615,-0.2783846624730747
0.45106055735803896,-0.07461128487043298,-0.0757323170557004,0.28370050929829416,0.09515312230909279,0.11676291329684477,0.05205908382665913,0.13549329086561765,0.28370050929829416,-0.27629697677992243
0.03783811349681694,0.10159084651405492,0.11244846086088461,-6.068389448055023,0.12383025326165685,-0.22713949984680562,0.06938490820887051,0.1839839478415378,-6.068389448055023,-0.5282204682424688
0.243999682949136,-0.03573120313230748,-0.09105521583592495,0.21463501718760813,0.037344727736495595,0.04026360016037053,-0.2062908969946533,0.22324895504398992,0.21463501718760813,0.29178049223251956
0.15969033417699258,-0.16952208258872392,0.2694782146928189,3.0572602909081548,-0.028121102581577045,0.0227224372271883,0.17817264744409148,-0.2844717183662435,3.0572602909081548,-0.11016076164479383
-0.2652526284367773,0.04740152360666068,-0.10193217764701759,-1.4250619373179494,0.31374466290155767,-0.024402086028928294,0.019057893767891874,0.05511034057299258,-1.4250619373179494,0.13587964720472948
0.31722271487648807,-0.22702627339633083,-0.05366177281843244,3.3483334700107097,0.22422051457312897,0.13078592204897535,-0.5445343676774724,-0.21562965182895988,3.3483334700107097,0.18487249737198677
-0.29986260300193596,-0.04383326472981169,-0.21096488936514848,3.102926388513304,-0.1850741924437813,-0.12356331324711639,-0.05803465442493309,0.31119278258047084,3.102926388513304,0.06881345004086326
0.5927225089052862,-0.08860220169959955,0.19153277896926804,4.0942340590773805,-0.21089818543442643,0.2093105211282297,-0.20848005350264118,0.1797959596580764,4.0942340590773805,0.006736026390909308
0.04627131235489482,-0.26074015913201537,-0.026070405392399323,0.4270522368810379,-0.10812297505526663,0.09295564922981939,0.2115144756802949,0.03588355700962668,0.4270522368810379,-0.15404200591446404
0.03861958760542983,0.11174098049432211,0.0439789402835243,-1.0656794172546715,0.43762409422870513,0.20128354312420355,-0.15138394223371962,-0.09170580434746256,-1.0656794172546715,0.03319104029483951
-0.2256852706085696,0.2374501126913652,-0.23508485772761312,-5.755149443529361,-0.16970798799276315,-0.1163670133437079,-0.08420809349896785,0.18262800673242005,-5.755149443529361,-0.13644738232964645
-0.3206987518712338,0.1924160083858678,0.21866521436979355,3.302735362412155,-0.1291405314276571,0.26567045898699576,0.05235188878814221,0.2605149701308663,3.302735362412155,0.5918895416215573
-0.289617793901573,-0.05449372769804165,-0.15748114447384126,0.771500454789035,0.2604713526720833,-0.01322088895125005,0.05015167156783208,-0.32385709745628577,0.771500454789035,-0.002169191914300338
0.1408425951677808,0.3008713554028998,-0.04404705209021171,-1.6631566329093723,-0.21825254347085404,0.12983261705111457,0.32241632720317426,-0.015698532423666554,-1.6631566329093723,0.01381653610718971
-0.19739442957314143,0.1501099923894654,-0.0065962682880264635,3.224861201297264,0.31739513699586075,-0.009017345426799333,-0.03300368983631131,0.24533010239971897,3.224861201297264,0.13532527956223078
-0.03589413782272185,0.11534522340008035,0.3669622047671507,-5.991795689907179,-0.20247951124548869,0.05351432550539407,-0.00318093151143164,0.09001687931629988,-5.991795689907179,0.2989667198905892
-0.15963398587971409,0.2840432947339731,0.09490911517599451,-6.062307143655351,-0.0835674968798727,-0.09751885494610553,0.4747638081818919,-0.20549118481998271,-6.062307143655351,0.1871724583629728
0.06032258224858947,0.017084658099311992,0.3971055283293676,1.3389464532476587,0.17287012060879747,0.21944686161883623,0.12098943710716399,0.596959682434303,1.3389464532476587,0.05024012502844554
-0.01084282306613335,-0.14563790676212127,0.35853930733310235,0.766346081355475,-0.21686382720401656,0.04518953874023113,-0.3760943445705837,0.3128048877185645,0.766346081355475,0.07630541275173106
0.03967205505046749,0.054228379834137634,0.1279859957631708,-5.613197580436647,-0.002597944458011267,0.02129094868875564,-0.12411005010324104,0.13230248740942227,-5.613197580436647,0.0663203003788128
0.35847640188899993,0.20480680647491623,0.3198807356603596,0.27464719029083806,-0.2704732422811384,0.1075302837781632,0.20678175592093312,0.20003577082018076,0.27464719029083806,-0.002188814273603264
0.056488413550930074,0.27228809215610456,-0.014318345083913303,-5.581058376642736,0.1209454276869916,0.36858095026751697,0.4344763981877722,0.3304193616957523,-5.581058376642736,-0.08809404944668398
0.22781315003300798,0.05576589835856304,-0.21892807050237584,-1.8759881148426856,-0.05932627379384828,-0.25524624308580507,-0.2984223699344239,-0.054342108532221246,-1.8759881148426856,-0.009763173417011467
-0.14610769538824517,-0.2397315581259125,0.16781413266807876,1.1371030290011683,-0.04423668268437842,-0.0715611830554229,0.24489839508314512,-0.006036058366690387,1.1371030290011683,0.1958096833988325
-0.3299927051512017,-0.0629445465067486,-0.3156104387167695,0.6328546990681273,-0.18218088414139078,-0.05778827491521652,0.121882251831345,-0.14095865353711193,0.6328546990681273,0.0700712739856206
0.015268907509403086,-0.42910770027335626,0.09180686715070252,0.0706815944318353,0.17957627659884662,-0.003068196341136765,-0.1603605423610104,0.06964856049862958,0.0706815944318353,0.08450612686973953
-0.08097769022327966,0.08937771949202805,-0.14338900031618038,-6.495745210575143,0.02318426487250146,0.32251250910788143,-0.09397352802321352,0.03134962108810275,-6.495745210575143,0.04833714195394131
-0.04614196054096728,-0.005688086369205848,0.13025322560192967,-0.7359078156347545,-0.04973308884403419,0.21114225656251323,0.07856889584658794,0.32069453196677045,-0.7359078156347545,-0.18318120131512872
0.12033593964682084,0.08721344618603999,-0.032994945823830966,-1.2089909298407742,-0.6859298698513637,0.296148199142691,0.03611748473446865,-0.02175498982425805,-1.2089909298407742,0.11596210569033566
-0.14601180152691573,-0.09528171274636199,-0.0723098951677878,-1.5423842153951401,-0.1910670720297564,0.027281273725976392,0.0783279521756099,0.3472357010053019,-1.5423842153951401,-0.28029024029831723
0.23822303690136193,0.08021505766645481,-0.1426089400750171,3.3752618727507944,-0.07567239360310656,-0.20000530620307455,0.19988640643607847,-0.15250335144661964,3.3752618727507944,0.3320185374894264
-0.0947887225209412,-0.050209063104097375,0.03841542098862,1.5022164586214675,0.055168197316685985,-0.36484448565814054,-0.036242243153628326,0.12684587669799208,1.5022164586214675,-0.16650177114735154
0.04334439122073394,0.010088382851118394,-0.29534955516490063,-5.4533048840221605,-0.09133711469242106,0.045730361498469124,-0.2443490771876972,-0.1447552439777523,-5.4533048840221605,-0.2407875481522227
0.6176261183393292,-0.07389975337868313,0.16954285539658598,2.067227281695118,0.1435931975259969,0.30525064016712644,-0.09959894447601907,0.2738644763521399,2.067227281695118,-0.1749359170098982
0.21759632642477333,0.09482090965046924,-0.15115914938009078,1.3486570903107795,-0.1329553292227182,-0.2535546513756941,0.013265654244399905,7.474524923855758e-05,1.3486570903107795,0.02445253086946324
-0.023361301808258447,-0.039161956539686134,0.1486740977155103,-4.996593446096884,-0.02091414825114735,0.08281975200999186,0.10029288870788072,0.11202623692429559,-4.996593446096884,0.0069814566462757495
-0.15010921703949226,-0.5131085727703549,-0.14766713767646586,-5.779304115262329,0.25834660221625094,0.15028876375058978,-0.24905813654817713,0.24646404063655936,-5.779304115262329,-0.3146970145618339
0.47603027628147,-0.2683664004093815,0.0602860988213371,-5.981654406574168,-0.05339048998123458,0.19001118335959197,-0.433302654017423,-0.17064766842818194,-5.981654406574168,-0.06523471021306708
0.4775701712664397,0.07522103746162774,0.003647264974170365,-5.9198532364954595,0.01767378287923457,-0.08071608054799193,-0.3141801500043621,0.13204019337516346,-5.9198532364954595,-0.2534431159927429
0.004896699025332369,-0.286967212987863,0.2089424525939624,-0.2736416103848569,0.0010433888513386297,-0.2139519533140899,-0.026722654523663587,-0.2897125340996341,-0.2736416103848569,0.04581632498270791
-0.11441470930092904,-0.34770532015037375,-0.19445380120146338,0.3856263857502913,0.0851264166203178,-0.038010658464280214,0.18706183378641306,-0.05688771002113735,0.3856263857502913,0.0854608927732575
0.09045015780080118,-0.10680130937577932,0.09687119076675266,-1.2761279669458796,-0.12125917586086486,0.29601084900734154,-0.2884290569508334,-0.18486059296281177,-1.2761279669458796,0.1994512821914233
0.1115651606899238,0.36560364317846816,-0.16912540947394672,-5.364665946570526,-0.2688298665308515,0.14357498772809826,0.08436042659796511,0.2540341410806401,-5.364665946570526,-0.15521900142968006
0.190791351783757,-0.3549229774809927,-0.05510847291660912,2.850051015260779,-0.0926198618322793,-0.14597925754849259,0.26341689153647163,-0.03825949796406444,2.850051015260779,0.21361234116988373
-0.12496996982020181,-0.15608881103162475,0.10782071015099873,1.0552403496799734,0.17703265024598255,-0.10901119161996325,0.005054785785774901,-0.18741518902092913,1.0552403496799734,0.29864088190239724
-0.10292805309276568,0.12044142081257975,0.15274534367500736,-5.849644922002917,-0.17541309527024132,0.19228594394502088,0.143218738690027,0.09610827283687721,-5.849644922002917,0.22290249524221598
0.04667655272313604,-0.06924384424643064,-0.14496956912448086,3.18054391612256,0.05440309369855002,0.16946214403809254,-0.010642803091350087,-0.09848663189898689,3.18054391612256,-0.12007539500583911
-0.1322821457524028,-0.4295038533317264,-0.1553980604637908,1.7951610459926086,0.6317688891792077,0.03573547107034395,0.09404379566235914,-0.13981462531327124,1.7951610459926086,-0.3779662485956189
-0.06412334460375331,-0.082474462410658,0.24815296779925547,-1.5234627662460158,0.28014852814820645,-0.04690400656674131,-0.23933108863155272,-0.28152228118240813,-1.5234627662460158,-0.054913276435880426
-0.3874849784144154,0.19463076524066159,0.053015965599012095,-5.766043675978931,-0.18462022998425076,0.13324075976627772,-0.2107283122104882,-0.2612420352380192,-5.766043675978931,0.23386328603216364
0.19563400829229138,-0.053707469810439085,0.03104017411767226,0.7811686775788664,-0.1619445521705138,0.18021335279336098,0.15332272818445403,-0.12432594703921399,0.7811686775788664,-0.07998862942804369
-0.157893647628044,-0.11732216718256389,-0.35929118007507876,2.9656304620134004,-0.06616458103226903,-0.03485658470420235,0.3671259346334481,0.0034660810958412483,2.9656304620134004,-0.19245055529749416
0.04680691179050546,-0.20901987044856105,-0.09666154098263158,-2.5366180690446334,0.04792622659210324,0.5534223079322651,-0.09529122763278482,0.6259088649588591,-2.5366180690446334,0.1881071593653171
-0.39051854443379463,0.028488343328036448,0.15658989393374156,-5.894298366235453,-0.34978889943545477,-0.057845093528993675,0.04844489730660746,0.29473723922696954,-5.894298366235453,-0.06462004692306349
0.38366996802820025,0.4802763707807334,0.10183049183187039,-0.9736599025428778,-0.026498830017984632,-0.06099087618459736,-0.1766951841549862,0.017079182161803062,-0.9736599025428778,-0.08579719985214221
-0.04949268855417193,0.3667576535127107,0.2633421458940446,3.942793280855401,-0.291073343247805,-0.07910853714178463,-0.12310158363162621,0.004043731435724354,3.942793280855401,0.08837057609923114
0.18032068594977652,-0.11276329528773271,0.033700974760776346,1.8327924770020698,-0.10668356081206323,0.032911202838138275,0.03049785325093564,-0.21695820182906408,1.8327924770020698,0.25930994883351105
0.16610811885104773,-0.30644162600573244,-0.11810248023792569,-0.08611097579027605,0.2528942091937418,-0.009825162646291068,0.31685695120373514,-0.007176875933713735,-0.08611097579027605,-0.3959195257575697
0.217684915804801,0.34787807479183974,-0.13013219505277285,0.2888669894157896,0.009082165395757054,0.07967573988085269,0.10470348801014702,0.0071942302032904195,0.2888669894157896,-0.06298931585173297
0.04009052445851111,-0.1810780199534983,0.08352708883148632,1.423569564713739,-0.20151765834646918,0.010181655661490666,0.04223447592864252,0.004106215060291586,1.423569564713739,0.11239431776695695
-0.09643981441298012,-0.017915742473266216,-0.026863625884310623,0.6739045807279909,0.3234446739062375,-0.43227984717946893,0.05893024940193325,0.22543596716349504,0.6739045807279909,0.048064829934507544
-0.23669462290701837,-0.11091088273714211,-0.018750460143955476,-1.1613780410966061,0.16544204553978312,-0.2764331961179833,-0.3006775790480485,-0.23729005745170328,-1.1613780410966061,0.557640456576329
0.03697642879770032,0.16788845038720107,0.028523525414870056,-5.706085082425692,-0.19524139014260933,-0.0654382974697187,0.030783028057295436,-0.23552055912028289,-5.706085082425692,-0.26949167323114803
0.18508446240042292,-0.3796838617059812,0.09077221231274177,-2.0287825785886406,-0.13961381957207716,0.004203997417249152,0.1160578051387997,-0.11567405187634423,-2.0287825785886406,0.09454870959589314
-0.5756789120080619,-0.007208826762569851,-0.15937830914842135,-1.7715256215655861,-0.3728881389405736,0.07049749786969821,-0.477190986868819,0.22257763669979216,-1.7715256215655861,-0.00846733088773482
0.12051415761205214,0.34654309252057575,-0.35790847481348187,-1.7490418616273848,-0.3292993927533525,0.001912452826516863,-0.021918729654112123,0.06321126732746016,-1.7490418616273848,-0.16826216405814465
0.302963343758506,-0.02167347754486545,-0.1403951634175049,-5.717594498707801,0.043652871342048594,0.16324072229471673,0.10343277078842128,-0.06599253966635031,-5.717594498707801,0.11383632485629509
0.14381963437563114,0.1328229832688432,0.08623270508593192,-6.051759865125383,0.14532042331187833,-0.09380207805359805,-0.11080072974472888,-0.07811063124418882,-6.051759865125383,-0.13971137910494494
0.28234532382709493,-0.3408978863945435,-0.11504144054809898,-1.566966926197411,-0.12472391965730592,-0.3260265860359419,0.1150260421386969,-0.12130820303777523,-1.566966926197411,-0.03197971953692096
-0.14241023391963079,-0.17645869383146176,-0.05746369180696005,-1.4965385547036618,-0.2852490547292788,-0.04420184198819968,0.08789550340708263,0.08803324998810509,-1.4965385547036618,0.315151965166398
-0.15785727252730913,-0.2430019557495789,-0.15306709946997332,-0.11661220388384175,-0.03169197581470587,0.5116981725023388,0.09199444832104549,0.03616541973244288,-0.11661220388384175,-0.2392869961800538
0.041519211228383035,-0.19456341541357922,-0.17680259257702569,3.014404973096766,-0.11387070482126774,-0.3792019066919817,-0.05155307187231872,-0.18631418337606742,3.014404973096766,-0.08798821232362464
0.2650271773950951,-0.0159004731548058,-0.3143761058347336,-6.117701846360809,-0.03677642914706401,0.06624146445849564,0.5767462936557645,0.09889696910398943,-6.117701846360809,0.03999982078466418
-0.2563034264906152,-0.06783324206670459,-0.2644024318213978,-6.451086863928032,0.3298122450529891,0.0240752863022672,0.09139722477492168,-0.0445191845097429,-6.451086863928032,0.16793330335197726
-0.04539049106232438,-0.33595635580761646,-0.05054993151848591,-2.0623433175898116,0.03029572339069004,0.06963703311905899,0.15808700483266527,-0.14012031744327322,-2.0623433175898116,0.06272402551716744
-0.002106014132699821,-0.25831492111032633,0.49811314479416513,3.765491497303583,-0.022709423391337535,-0.48198720281930374,-0.22778246169189648,-0.14184483411374701,3.765491497303583,0.19939538970184634
-0.17087928099666128,0.22313577637400855,-0.1456803562667287,-0.3448995654848208,-0.376317631988235,0.19514809325719684,-0.18947791475066428,0.04624186085877058,-0.3448995654848208,-0.02137227330956128
0.020820649791623118,0.341043923363883,-0.1325050456735794,-5.391035050305769,0.06629308821841833,0.6266121347709068,-0.37651490168275403,-0.30410237174145555,-5.391035050305769,-0.2700572577860554
0.04091838678006253,0.01414464281811037,-0.5275283463372158,-7.184326476649434,0.0310976407786131,0.1833447963887667,0.13880531316355074,-0.11092848514670293,-7.184326476649434,-0.1874459842245624
0.13926418106249824,-0.11049946049478072,-0.059585541629216615,-1.157571588705653,0.10825303239121911,-0.07045981432299744,0.14344033620697522,-0.054054010602965455,-1.157571588705653,0.08189540476531801
0.15064550705089852,0.09021428034614605,-0.1239437632580801,2.5884331797890203,-0.3022410797135596,0.2016744693751437,-0.5367352130164065,-0.1267334178694077,2.5884331797890203,0.1053718310197467
-0.11121045007970216,-0.27289811139143466,-0.1419505025726973,2.8599781383478815,-0.11299229042725578,-0.06947890829913082,0.0371488853487792,-0.14328407498901022,2.8599781383478815,-0.035077879106202636
0.08123346824551353,-0.15451059507435272,-0.2442194233135651,2.541977679773691,-0.026373916341937614,-0.0031373880913315626,-0.4298756543249345,-0.3053752096516713,2.541977679773691,0.2889471942087254
0.05857749963080349,-0.06461417053446757,0.17755943746091787,-5.733504759680872,-0.40594511069363826,-0.3280484955899807,0.21578517962091143,-0.07033663883134088,-5.733504759680872,-0.12112406160993372
0.1731772078820118,-0.33456789535392517,0.29887486549029263,2.649359418866081,-0.08441512615779455,0.19134491812387258,-0.0738012825807188,0.1073099079167752,2.649359418866081,0.041147256348132794
0.1226204936616109,0.35972305792880865,0.20967874943351164,-1.499380653981785,-0.1275889394755844,0.10465664571194395,0.19303599969648794,0.044742473140472715,-1.499380653981785,0.16925199899573914
-0.24815337107324276,-0.22438738791339152,-0.07318595964383438,-5.767179055860806,0.39200614206384615,-0.0839049705023317,0.07794794560544661,-0.09584707769739212,-5.767179055860806,0.04075920308404211
-0.34166664247501616,-0.49201084357335917,0.36086423097957204,3.9832089914535307,0.15939359180007925,-0.1090981476273615,0.25700668784427827,-0.05079570565829719,3.9832089914535307,0.003064506120129845
0.06790915807170754,0.33766370022624415,0.0699187181204166,0.8849803526642882,-0.085413348211778,-0.03580770223042575,0.3214821899756808,0.2556731710849461,0.8849803526642882,-0.09528380913750677
0.24205787274338464,-0.07259468659885827,-0.09566815908277476,0.35536074504387377,-0.05598329321035566,0.11293278919555604,-0.20135542109286553,-0.09162316757185766,0.35536074504387377,-0.23703452591119678
0.3377853755065539,-0.020259930489182065,0.01662145248837586,3.5980809341892077,-0.09627857143846448,-0.13428626578376365,0.0998903791809968,-0.05587090662971988,3.5980809341892077,-0.10216850203717412
-0.049484752127664317,0.23796944706756668,-0.1621391069242853,-5.701363530008507,0.0033086344519025848,-0.2288969357585342,0.2377945977535983,-0.12528546006553135,-5.701363530008507,-0.07535965240270585
0.0953242201402022,-0.043458226558488446,-0.34850988809967925,1.1858366203237738,-0.027919446770577734,0.09844693761790933,0.1087827833158009,0.18982669283669218,1.1858366203237738,0.05336618734514079
0.0523745615472928,-0.18254512906443243,0.2538920388331789,-1.7220368463603277,0.1714250468067996,-0.11391971572939888,0.0007961386650605989,-0.1992599356931828,-1.7220368463603277,-0.09182939022805266
-0.032504239641873885,0.4128091257334978,-0.08528135796708432,4.689799977720327,0.005562540662185112,-0.16174833552674542,-0.17236523701314427,0.28196185560071385,4.689799977720327,0.10616038935792219
-0.10504372294396856,0.1371729134152623,-0.07270503707944186,-1.8711687590098356,0.005640202680422692,0.17697491073383667,-0.02741096978216963,-0.1708022658723769,-1.8711687590098356,-0.2997279249292761
0.22923422520316536,-0.28013553753358716,0.16380685800824185,3.823474342759399,0.2019778799922074,-0.2734830818702668,0.3911063086627426,-0.1803608638221223,3.823474342759399,0.07617106240411498
-0.13101108636707615,-0.16124087433642512,0.09252619589097855,-0.16949795796429,0.12266710666189447,0.12432218434138441,-0.09538116195022381,0.41531207707838824,-0.16949795796429,0.11088026204216778
-0.08591373755107001,-0.065928053313842,0.12746478269217462,1.1570555946888617,-0.0034257307458163133,0.23052671670990776,0.0666839092943015,0.19193291541066843,1.1570555946888617,0.05783879728055594
0.16091391615445644,-0.025394442846921536,0.30570227824583046,3.2265248891989957,0.004804901814143867,-0.3810714211635111,-0.003568464620283566,-0.4048736708353551,3.2265248891989957,-0.25663914638106067
0.1718752918250804,0.1879998742064869,0.08522674962578672,-6.272993341639527,-0.08092994151303645,0.12442425340582142,-0.19124930028525702,-0.020842065387024197,-6.272993341639527,0.04201778272728121
-0.08449029932419874,0.00492393204221709,-0.02593928442165271,-0.05086825486364077,0.27916283680450005,0.45289321096751245,0.3087397363974449,-0.24552364572248978,-0.05086825486364077,0.05050040781154324
-0.08189357955804162,-0.25524011088453663,-0.12728611379114405,-1.3248053450958182,-0.09937367053599533,0.37622103756757674,-0.03645568431542308,-0.10679974224980933,-1.3248053450958182,0.1811975040283669
-0.007091127246323831,-0.03341643189850344,0.05527703316598544,-2.057852378292646,-0.1674543839880942,0.3428048598313958,-0.03234517869649788,-0.21131115605053338,-2.057852378292646,0.18334803262966326
-0.2749596674919565,0.04994831466443895,0.06389664381363949,1.2149600801457026,-0.2450148825128915,0.10932479122319586,0.006871716251394361,-0.18910024826599547,1.2149600801457026,0.00946491662511008
0.07656485104987334,0.2035988069812693,-0.12139661860886666,2.556656637418141,-0.20876900579613591,-0.03149177602128281,0.0891610480923829,0.2650930268002991,2.556656637418141,-0.056706447084085655
-0.026444798227401107,-0.12179562708285721,-0.30050600993561505,-1.3849845829353367,-0.13367835041133325,-0.1793678744255932,-0.09730817500762017,-0.3893679072621499,-1.3849845829353367,0.07866581269904106
-0.27716647529504934,0.3597357346700943,0.05652109206797545,3.6274452716883454,-0.2418242747478929,0.12256927020565328,-0.20797451854867954,-0.22402993301219515,3.6274452716883454,-0.19772192572636932
0.08157843452129576,-0.17232834540131617,-0.00021607880751712324,-1.6696207912628305,0.027686622720861878,0.14399899442007316,-0.2840173603747961,0.09435461468077393,-1.6696207912628305,-0.29279903192376017
-0.20690777429961305,0.13319987517058743,0.16926210033188718,-6.240940527269537,-0.10354323081214362,0.052499845411323756,0.1613976164425578,-0.10443958643211698,-6.240940527269537,0.2394191889753767
0.1743818092214946,-0.2896287971923199,-0.19909382674209486,-4.809208263547872,0.1910894293514918,-0.4016586713790957,-0.09086342382087509,0.3339142883732719,-4.809208263547872,0.289359229033
0.22058737963050992,0.15974278507021536,-0.32893433186002424,-1.8010924687615775,-0.0842753735772472,0.16373676037832144,-0.02901917159030409,-0.00382592623478453,-1.8010924687615775,-0.1724262188148976
-0.22671548160347968,-0.1718308039711163,0.08009003761884285,-0.6771628573683355,0.15461799226131565,0.09251322073021771,0.20638468395942233,-0.2103517467979001,-0.6771628573683355,0.23587622990670176
-0.2139304460402953,-0.1314480600209065,0.1978383445813873,-4.850509509473012,0.18982974681678028,-0.05629434124482977,-0.48625145222485994,0.5047324291183329,-4.850509509473012,-0.03188865535201451
0.15577834609114896,0.034058547665501995,-0.17987888865515073,-5.088290515559103,-0.2502264642475133,0.15867614030886612,0.16223628556518443,-0.008531579072587177,-5.088290515559103,0.2550605739878565
-0.08486086327923482,0.0024066818366816614,-0.20405352812342123,-5.982003045156393,0.10126946954534786,0.2679986390694323,0.1590500902667429,0.23049646716100677,-5.982003045156393,-0.17457402441541425
-0.17662526945076717,0.12481659017449216,0.44219835310197325,-1.9648445553852594,-0.04998717409480559,0.060649289549453415,0.25146481129800374,0.2198164319453019,-1.9648445553852594,0.10688197749983425
0.2825987161360575,-0.4045583491752729,0.1386487088029004,0.9807405231522881,-0.025151851955162126,-0.3239869604038765,0.15383548727487387,0.07176104524740322,0.9807405231522881,-0.25532062505706526
-0.1616144754969676,0.003087945067525724,0.016463333068828447,3.810800977230242,0.26199116950607787,0.1168555374642752,0.16173420379182635,-0.3313821983353053,3.810800977230242,-0.030207004547368604
0.15818790204896127,0.043081191499352495,-0.012073673920943532,-5.921401742231381,-0.14310532711329657,0.0811467792581632,-0.25743451375596077,-0.2654267225586037,-5.921401742231381,0.1940188685321322
-0.1996966318362172,0.2125886057388524,0.25483289297772393,3.2659573197416982,0.2577060328122114,0.11241337720962703,0.3449482345194362,-0.06537688345441475,3.2659573197416982,0.11893938781180369
0.3081807431657356,0.09990245632027364,0.09148021893600722,-1.5245757591685207,-0.28738904759477435,0.4824539139489743,0.2901111171924623,-0.33079399654772146,-1.5245757591685207,0.19574073456168303
0.023507854949538137,-0.20132085193995364,-0.4946754162905969,-5.322455635016903,-0.10285701624254595,-0.13367304011581238,-0.09405275394133854,-0.11247327065830928,-5.322455635016903,0.14362237414412726
0.02179921206854379,0.07241585127710291,0.2921085243011003,-1.6823303433242436,-0.12549794555099836,0.209117812837428,-0.23897876289642106,-0.03100687934518921,-1.6823303433242436,0.1534254190914742
0.007993793018410637,-0.14661757938115355,0.15150631481751725,-1.323865184402607,0.129362977247044,0.3003288207135627,0.192064000245081,0.11194318537080002,-1.323865184402607,0.20221095259850297
0.12910405530587696,0.17382789399499085,0.056866524021146475,3.5301287749706205,-0.20434045088080774,-0.05191149438743223,-0.32535919012088366,-0.08482982518827026,3.5301287749706205,0.005232705810058171
-0.41192122685540833,-0.1066691739727001,0.13534652437443553,3.3080886073595934,0.031996183795833924,0.09084958356192792,0.25440471768908013,-0.2748000995590679,3.3080886073595934,-0.19000069003028014
0.13195268070404417,0.21715938213472033,0.05667696559724024,-5.492926690933387,-0.25033135983123045,-0.03119708827487863,-0.4192594729785845,0.2222993999278062,-5.492926690933387,-0.18525300233249453
-0.11655804282611056,-0.07170164957457646,-0.1436038082054197,3.6267063968494853,-0.001675127570378022,0.23492650945333962,-0.09484853539324495,-0.1316173571724448,3.6267063968494853,0.0739612003022364
0.04443622889109278,-0.2131275478496801,0.17414348971325097,3.0624151628623455,-0.13561270485493065,-0.2686739897032077,-0.07938226466118399,0.004756003260624968,3.0624151628623455,0.20617331281454931
0.05672932238176669,0.022627368305335935,-0.16487710111091342,2.5097828262830246,0.09969838811922996,0.025139455122757105,-0.16954854747004755,-0.4546565162096188,2.5097828262830246,-0.11680676935104176
-0.07129135049820855,0.05688274578171402,0.17044302283631788,-1.5725520944280507,-0.09300610505227765,0.14826934974235903,-0.17363905671756863,-0.07767095485024322,-1.5725520944280507,-0.11725160923261427
0.31885380356939436,-0.08987474866490097,-0.05833870572097599,3.6697077518304964,-0.3811570661775696,0.045497242697172396,-0.05353490535778063,-0.03101264046271834,3.6697077518304964,0.38457797075885863
-0.4279761922600234,-0.3260382471052201,-0.20607059616276704,-1.5045924626062313,0.05115777334141585,-0.17418963211722827,-0.2808960360646932,-0.0702733075756518,-1.5045924626062313,0.0468570904728742
0.06107779636280197,0.13059047450107397,-0.3003277948328962,3.01476652908495,-0.01794858472951879,-0.02335511469734221,0.021516931057947275,-0.5057019882496715,3.01476652908495,0.2390818841049115
-0.017551712784748503,0.13038887180386813,-0.2827485369379212,-5.733246261056758,0.05516254045847046,-0.09813378926009307,0.10700072735595641,-0.10799437051243826,-5.733246261056758,-0.3091983644104639
0.13809080809153693,0.23091019267741528,0.25537953652690665,4.1475393990694265,-0.008061089903244601,-0.015363554308983042,0.03712574423022257,0.17124339811875589,4.1475393990694265,0.055671213333752495
0.14968441161473517,0.19958528735015293,0.03675755966888106,-0.9440993127801534,-0.19992184791044154,0.10205498621367813,0.4064591421463097,0.09978892860349452,-0.9440993127801534,0.11188839288496973
-0.4270800521829945,0.2144337758412529,-0.4144805057799742,-6.423088038153953,-0.07639446536241994,-0.06409127533949575,-0.13278626596785845,0.05648616667090395,-6.423088038153953,0.17905312726852057
-0.3266408291040417,-0.04718950579564058,0.08315816063831767,0.4675716848656023,0.08862291284670352,0.03145655639719379,0.30382867152766635,0.08076695463952525,0.4675716848656023,0.14435776082882423
-0.0690775243436834,0.17355337873084278,-0.37747016731792205,-5.6651207463782365,0.007670192192854048,-0.005307059421746684,0.02832019072973297,0.10725808946294908,-5.6651207463782365,0.06766138814841709
-0.12184543664932618,-0.14447581838232845,0.14686749364277601,3.1939993158998097,-0.03146372768099425,-0.17743217976277592,0.04798089073227623,0.18072101621927109,3.1939993158998097,-0.03752021169236997
0.2487520014313449,0.1240410157748577,0.30442280328204363,3.6369121709283383,0.13433295208520185,0.04357122901754839,0.004995570635412668,-0.4649160978651423,3.6369121709283383,0.2159317578890225
-0.06852409076977145,0.08324467560248122,-0.2715609328542197,-1.3647551006936438,0.15512549874264414,0.06217572684841313,0.4810853509728264,0.4079641862640623,-1.3647551006936438,-0.14549882274724504
0.19419852080092204,-0.14197800300111477,-0.24307167383049919,-5.8956223423122704,0.2214511171047988,-0.39023239967552903,-0.11899279614828917,0.0575259946401279,-5.8956223423122704,-0.17619869280204584
0.2740473512186476,0.12658632404716139,-0.18273903073716546,-1.133370106052273,0.09488500314469583,-0.016091497883824867,-0.14483965959297426,0.39933001100501714,-1.133370106052273,0.32645441218458465
-0.2395617905132133,0.37359097091382437,0.183612221432209,-1.3540092573440106,0.31686855136880776,0.06085064180296549,0.043897706834199836,0.13374867845942093,-1.3540092573440106,-0.09830499424767722
-0.06513523702386236,-0.0438923059768634,0.10323297922163273,1.1142838761299219,-0.2400759234119089,-0.20044905576728103,0.028918631615772072,0.08922116413072412,1.1142838761299219,-0.3068807039867348
-0.1329832044267548,0.04067417347096158,-0.16722027653498028,-5.356822092477303,0.11247840498332035,0.06604178548375958,0.10538903415238983,0.1823210150209302,-5.356822092477303,0.06993263529756037
0.26540888601888074,0.08414502420408501,0.061823313457656195,0.4805996188683429,-0.3049676359240755,-0.061152760750195406,0.0064443037794622154,0.3454794766445204,0.4805996188683429,0.11334047159680066
0.11429900322470195,-0.04227037905224909,0.17772323687456437,-1.8857722970911928,0.10621767796746338,-0.24768760425422642,0.3418369954990134,0.22572504865280482,-1.8857722970911928,0.3086351429443172
0.13044336672249457,0.032479740841581665,-0.12767637192388265,1.6422898643007429,-0.009446656632825524,0.3181287741889052,0.26942994889890476,-0.13288772139548907,1.6422898643007429,-0.16012935444381823
-0.16821604725278524,-0.38224499358084635,-0.33357044659595525,3.648907131586318,0.1320837249385786,0.0769118472514607,-0.18266220558993865,0.5433004236616589,3.648907131586318,-0.031876731623175
0.18471208122199778,-0.1349878309024005,-0.1586592316565535,-5.8510461049012905,-0.14701517316536059,0.07996155418117812,0.36313568819319425,0.18366141275062822,-5.8510461049012905,-0.25058120770040726
-0.09429735681706236,-0.019112752302143064,0.19348419790036164,3.1150989892238345,-0.29225808312633317,-0.08085640186042488,-0.34135149882228816,0.05370179744691084,3.1150989892238345,0.3470664146732909
-0.16665779662261881,-0.07522248881424476,0.22915483669218908,-5.300319538314776,-0.022384568708458258,0.035738055154549454,-0.32104028382303645,-0.2732123181235263,-5.300319538314776,-0.016442986431397185
-0.037113849061608875,-0.11156373821096705,-0.31250325700608084,-5.347725535158656,0.10543400601410689,-0.09222699111661695,-0.2962542466370066,-0.2591713380781009,-5.347725535158656,0.2999624871738968
0.19600908402696862,0.23359993607429788,-0.3098536435288761,0.8722967767983167,0.20595911273471953,0.1524789524711346,-0.04229379015914301,-0.3000181536742843,0.8722967767983167,-0.05224005999264232
-0.09142272941320691,0.258767454580507,0.08901932390673366,0.98724406585167,0.33185408180736475,-0.32932877638716657,-0.21695025652587133,-0.2314894551727974,0.98724406585167,-0.25695763072252403
0.0306326248549404,-0.07362535694169246,-0.21093130459370238,3.144626966094454,-0.1100976700003133,0.0953535326202841,0.2189331286295104,0.1305045465991847,3.144626966094454,-0.08131644460154505
0.184341121579311,-0.01197645906038513,0.12681172688724512,-5.921963872545895,-0.09223371761555071,-0.09411876058069234,0.18160976528320028,-0.0021941099536741753,-5.921963872545895,-0.20616947045080702
3.0272119766944023e-05,0.2338614733937157,0.11723495844448967,-5.510189082466892,-0.15430188043699777,-0.0323689689009113,0.032430542197937055,-0.2542754295318164,-5.510189082466892,-0.24676329981307832
0.22619184361160657,0.0832387002896678,-0.20400613967839065,-1.6971715845351385,0.012606182353054891,-0.45533131039522445,0.11408797901109897,0.026011971431712314,-1.6971715845351385,-0.08582940022147258
-0.08068219102512783,-0.06026663219796825,-0.3014229316558899,-1.6858456708359837,0.10859644313316037,-0.0134922350410197,0.10334028850997455,0.002050410649371469,-1.6858456708359837,0.1321839252938406
-0.02054766403765096,-0.29441863436234544,-0.23396483572117246,2.7476654762805373,0.26661777951163457,-0.3615622740687171,0.11950149823910189,0.11028716430750202,2.7476654762805373,0.2611234407606107
0.025766760403386452,0.11581086217720259,0.18028508868186804,0.20803514450623295,0.010257872732941932,-0.04355843936473301,0.28989624384670426,0.14914515680268406,0.20803514450623295,-0.04962562253591083
0.0267624752198643,-0.1837598648079056,0.3788974822994246,-0.13782169204672123,0.20882556340170844,0.12753525006436675,-0.04669848266671597,-0.20469145423984605,-0.13782169204672123,-0.16399306003853162
-0.2965179460722436,0.17570112048516356,0.14284223654066594,-6.074483632179269,0.07369148041917112,0.09240695834588294,-0.11400024299158043,-0.02816696620984735,-6.074483632179269,0.2495117715669002
0.09259505772514919,0.1579840493359536,0.24028752523607622,-5.323534206870262,0.14674663559250645,-0.1904331138407738,0.07206649650774076,0.013283069626362118,-5.323534206870262,0.07205393564322297
0.623191694672725,0.08471848006942512,0.048491534140065254,-4.745061186729828,-0.11623477546992023,0.22511642943612975,-0.07324778055735302,0.11324067678127495,-4.745061186729828,-0.10464861211096009
0.2254821172258601,-0.19957887173951963,-0.03446861123511091,-6.07433527740397,-3.997959790182681e-05,-0.26146645794830603,0.14445921115480623,-0.02826973740080632,-6.07433527740397,-0.025751035117813945
-0.33775769480358275,0.2261018951032433,-0.011181167759803858,2.71113745742636,-0.21098674541599613,-0.29285376574355815,0.0029590941996493012,0.3480049915512091,2.71113745742636,0.14032225045260616
-0.25542720155503484,-0.22748681275327032,-0.02122849384862531,-0.9507137347414116,-0.03503110500879115,0.3494409838403752,-0.17001784373323992,-0.22923951800351305,-0.9507137347414116,-0.3911552568650203
0.03473853134361352,-0.05100744682330574,-0.10380729953266338,-5.198698716882398,0.04982282813185225,0.3382435891307871,-0.09235499451868723,0.11571086010180878,-5.198698716882398,-0.013801725152341626
0.18436949863891544,-0.3165555151328491,-0.20708441794994314,3.766168256401734,-0.015378191437615055,-0.04765934854496314,0.15575834930253518,-0.13799797577531242,3.766168256401734,-0.016293546885164073
0.2498747509860606,0.0003323261512754329,0.26883434892112074,-5.458202379058644,0.055814951082501396,-0.045126703812407486,0.18044093258322838,-0.1445150769194857,-5.458202379058644,0.03994179693728028
0.17712219424254644,-0.019301380324813936,0.2716632554079206,-5.585788039315439,-0.05142292443025401,0.271530240873518,-0.1737828893655622,-0.21873727132771892,-5.585788039315439,0.09650984819292956
0.3792029545042954,-0.0389944798492447,0.02497558426409055,3.945561021561958,-0.12917414072387573,-0.1305652222411008,0.40973071319687365,-0.6266669071884543,3.945561021561958,-0.20054492841248012
-0.1702067014441878,-0.2629885810215231,-0.03634998573718926,-0.2503465888847094,0.23242011738418814,0.21663760942039337,0.0812473871906745,-0.30385299204598526,-0.2503465888847094,-0.009687896451661812
0.22347904792069004,-0.3924794050297646,-0.14201533932246221,3.3588353262241606,0.008368786242917054,0.1837094740422754,0.15701582264194208,-0.2940049996033617,3.3588353262241606,0.13989614144804438
-0.07830948113445335,0.1091693596356485,-0.12620286055309335,-5.381807378775156,0.11324020092853321,0.577580245713658,0.3086316230394653,0.15972159939542072,-5.381807378775156,-0.011055952267402974
-0.23819189834960577,-0.10873372937168549,-0.0041429930885615715,-0.4771651561118013,-0.035882401948561564,-0.4814346106324182,0.2304544476122147,-0.014992697608957498,-0.4771651561118013,0.3232928927952599
0.14361479172462646,0.07145198308933698,-0.14400230721279714,-1.8253179809136908,0.13189886960565433,-0.030064126469537572,-0.2161215203052017,0.08758031593358223,-1.8253179809136908,0.3268231865507769
-0.1538035569964501,0.23666930073803574,0.1743774274610027,1.4974049847803554,0.16670688283448057,-0.020352669902918615,-0.0011177255451483483,0.34501524922784105,1.4974049847803554,-0.19506042338323576
-0.4329015696183093,-0.022313004326302403,-0.3606237860546589,-5.738658584240896,-0.11156380167978995,0.010242671415660081,0.3399050610104201,0.11351221710201179,-5.738658584240896,-0.2374647056145739
-0.029197861057260646,-0.5636037847363118,0.060605704661499775,0.2354746950015938,-0.0647692598831422,-0.2077890062213352,0.10108158351708425,-0.06535900877679102,0.2354746950015938,-0.05983454543733389
-0.044963308602220114,0.014396448446977104,0.03981494843395186,-1.0518023578568036,0.342478722750192,0.026686608632526462,-0.13331444645136323,0.05620694713233927,-1.0518023578568036,-0.21900887682575793
0.010063962826582883,-0.2505059102076431,0.050469022983785174,-1.163953272033345,-0.332438802364849,0.12695553512726232,0.4031982836645502,-0.2663498123976508,-1.163953272033345,-0.16714123172617795
-0.20719065574810022,-0.019947637460169275,0.2497865319587234,-0.7831128814286799,0.21891221087933835,0.2171362999150368,-0.06357821254154962,-0.11812814108848611,-0.7831128814286799,-0.044882510024650886
0.21210153753391406,0.05813485778377592,-0.1053740890496777,-1.9900452120812333,0.12311386854981383,-0.2513125740799535,-0.11849683192815819,0.26235501086989105,-1.9900452120812333,-0.13861289731025933
-0.2523642592043027,-0.09103116501298956,-0.04160730239629348,-5.901705137758977,0.36517244134527826,0.07991652662080057,0.15305941373186976,-0.028318549259268428,-5.901705137758977,-0.34523215784223726
0.2628126072632911,-0.0952329751076853,-0.08061590527891258,-6.3517177763491635,0.16373604778711265,-0.02576161979914995,-0.20250418378551738,-0.03060956558985133,-6.3517177763491635,-0.1389423621847795
-0.2692106307038026,0.053063459143487715,0.09486780698473718,-5.438146122439562,-0.14591811669237034,-0.03638596660304814,0.3047130833922623,0.08997963129713356,-5.438146122439562,-0.07426795501607335
0.041056573042687276,-0.11986301085244909,-0.06337818599636767,2.9012619156229085,0.09710670451821021,0.18030301440108815,-0.14486050834900865,0.08719637929019336,2.9012619156229085,-0.24254208648568634
0.5588808780824728,0.023480373991088294,-0.4208948158479402,0.2786786402520366,-0.19652311684438492,-0.036160305403278,-0.07070535547691185,-0.20184215054133148,0.2786786402520366,-0.05453182994641727
